{
  "configs": [
    27,
    27,
    6,
    2,
    6,
    6,
    6,
    27,
    27,
    27,
    6,
    6,
    6,
    2,
    7,
    54,
    42,
    42,
    27,
    42,
    6,
    7,
    6,
    54,
    27,
    7,
    2,
    6,
    42,
    0,
    54,
    47,
    34,
    6,
    51,
    43,
    6,
    7,
    2,
    54,
    42,
    27,
    6,
    22,
    31,
    54,
    47,
    54,
    43,
    19,
    6,
    27,
    2,
    24,
    34,
    54,
    0,
    6,
    19,
    45,
    19,
    34,
    7,
    42,
    6,
    31,
    2,
    47,
    54,
    22,
    51,
    50,
    6,
    27,
    0,
    19,
    3,
    54,
    6,
    34,
    6,
    42,
    13,
    12,
    24,
    43,
    34,
    2,
    19,
    55,
    33,
    7,
    9,
    54,
    43,
    31,
    13,
    45,
    47,
    27
  ],
  "rewards": [
    131.3400209622127,
    131.3400209622127,
    35.74465515184794,
    186.3009877243244,
    186.3009877243244,
    91.95648726064468,
    91.95648726064468,
    135.4649328158184,
    135.4649328158184,
    135.4649328158184,
    44.38143283395209,
    44.38143283395209,
    44.38143283395209,
    187.64922165211317,
    64.75172462941671,
    90.04444132011594,
    178.98995912280643,
    178.98995912280643,
    90.97649173630037,
    137.93184531750538,
    115.51507386444757,
    92.70749055339189,
    92.70749055339189,
    49.05054457362601,
    188.01165999392617,
    95.25411315962593,
    187.96755029249974,
    57.02484614555942,
    162.9146994814627,
    135.21563591044603,
    106.03380591993947,
    138.69443091116457,
    97.59095535370534,
    46.568168906514074,
    130.58569020832059,
    190.96666383257082,
    49.46297614706671,
    108.95608516018858,
    29.676534106438066,
    53.14071858209928,
    189.2098573713731,
    106.71015855945654,
    188.71526211118598,
    194.41491315524084,
    136.37241664716626,
    92.19685581624022,
    192.2190198352788,
    192.2190198352788,
    148.37087435145884,
    20.19340181809121,
    75.71619722047662,
    158.04012422510905,
    185.28050835882354,
    142.9906487520407,
    81.1387133345569,
    64.04208973405336,
    194.64200298198796,
    49.06453306070299,
    11.68333724785675,
    188.53502907239672,
    188.53502907239672,
    36.234490700005196,
    106.0751233750439,
    190.93852478619132,
    75.83343160880038,
    75.68418741591309,
    189.75467954338026,
    125.78972861081881,
    75.91442741328545,
    112.31005740220992,
    48.248198206324695,
    82.0191629647335,
    83.3704837690424,
    144.48520552357405,
    190.47109914445093,
    22.051350034427188,
    192.17646621380632,
    93.03922380672573,
    94.58219331610819,
    154.3276265759412,
    154.3276265759412,
    145.65321762398625,
    25.57664139483204,
    31.749245436130877,
    175.9206043417977,
    193.17077252021056,
    36.35573061757078,
    189.81471235693138,
    18.580452188508797,
    125.23436034280292,
    38.57866232632252,
    119.67814916448744,
    119.57587153310298,
    44.38682515782899,
    121.25513904983494,
    15.85476559129618,
    17.20859768313998,
    152.03180003433093,
    157.1538902438747,
    57.419199332756904
  ],
  "crash_rates": [
    100.0,
    100.0,
    100.0,
    66.66666666666667,
    66.66666666666667,
    75.0,
    75.0,
    80.0,
    80.0,
    80.0,
    83.33333333333333,
    83.33333333333333,
    83.33333333333333,
    71.42857142857143,
    75.0,
    77.77777777777777,
    80.0,
    80.0,
    80.0,
    80.0,
    90.0,
    90.0,
    90.0,
    90.0,
    80.0,
    90.0,
    80.0,
    80.0,
    80.0,
    80.0,
    80.0,
    80.0,
    80.0,
    80.0,
    90.0,
    90.0,
    100.0,
    100.0,
    100.0,
    100.0,
    100.0,
    100.0,
    90.0,
    80.0,
    80.0,
    80.0,
    70.0,
    70.0,
    70.0,
    70.0,
    70.0,
    70.0,
    60.0,
    70.0,
    80.0,
    80.0,
    70.0,
    80.0,
    80.0,
    70.0,
    70.0,
    70.0,
    70.0,
    70.0,
    70.0,
    70.0,
    60.0,
    70.0,
    70.0,
    70.0,
    80.0,
    80.0,
    80.0,
    90.0,
    80.0,
    80.0,
    80.0,
    80.0,
    80.0,
    80.0,
    80.0,
    80.0,
    80.0,
    80.0,
    80.0,
    80.0,
    80.0,
    80.0,
    80.0,
    80.0,
    80.0,
    80.0,
    80.0,
    80.0,
    80.0,
    90.0,
    90.0,
    100.0,
    100.0,
    100.0
  ],
  "ep_lengths": [
    138.66666666666666,
    138.66666666666666,
    88.5,
    125.66666666666667,
    125.66666666666667,
    118.66666666666667,
    118.66666666666667,
    124.0,
    124.0,
    124.0,
    111.27777777777777,
    111.27777777777777,
    111.27777777777777,
    123.95238095238095,
    117.08333333333334,
    114.66666666666667,
    122.43333333333332,
    122.43333333333332,
    118.0,
    128.7,
    121.2,
    121.00000000000003,
    121.00000000000003,
    111.66666666666667,
    126.9,
    117.03333333333333,
    130.13333333333333,
    126.63333333333333,
    124.43333333333332,
    129.06666666666666,
    125.76666666666668,
    127.79999999999998,
    128.7,
    128.5666666666667,
    122.56666666666668,
    132.16666666666666,
    117.53333333333333,
    123.13333333333335,
    109.26666666666668,
    100.9,
    109.4,
    106.00000000000003,
    115.53333333333335,
    130.46666666666667,
    131.13333333333333,
    121.1666666666667,
    135.8,
    135.8,
    139.36666666666665,
    138.43333333333334,
    140.76666666666665,
    137.56666666666666,
    146.43333333333334,
    141.13333333333333,
    129.86666666666665,
    121.96666666666667,
    132.20000000000002,
    117.4,
    103.5,
    121.26666666666668,
    121.26666666666668,
    117.20000000000002,
    111.86666666666665,
    111.86666666666665,
    105.23333333333332,
    104.63333333333333,
    117.86666666666667,
    110.96666666666665,
    113.63333333333333,
    123.9,
    108.9,
    113.46666666666667,
    111.2,
    106.43333333333332,
    118.36666666666667,
    112.66666666666667,
    112.66666666666667,
    109.43333333333332,
    111.36666666666667,
    115.86666666666667,
    115.86666666666667,
    125.83333333333334,
    120.13333333333333,
    114.56666666666668,
    117.86666666666665,
    117.86666666666665,
    119.26666666666665,
    119.26666666666668,
    111.46666666666667,
    115.03333333333333,
    103.16666666666666,
    100.53333333333333,
    110.13333333333335,
    111.43333333333335,
    105.43333333333332,
    87.16666666666667,
    85.2,
    80.83333333333333,
    95.03333333333333,
    87.7
  ],
  "timesteps": [
    10000,
    20000,
    30000,
    40000,
    50000,
    60000,
    70000,
    80000,
    90000,
    100000,
    110000,
    120000,
    130000,
    140000,
    150000,
    160000,
    170000,
    180000,
    190000,
    200000,
    210000,
    220000,
    230000,
    240000,
    250000,
    260000,
    270000,
    280000,
    290000,
    300000,
    310000,
    320000,
    330000,
    340000,
    350000,
    360000,
    370000,
    380000,
    390000,
    400000,
    410000,
    420000,
    430000,
    440000,
    450000,
    460000,
    470000,
    480000,
    490000,
    500000,
    510000,
    520000,
    530000,
    540000,
    550000,
    560000,
    570000,
    580000,
    590000,
    600000,
    610000,
    620000,
    630000,
    640000,
    650000,
    660000,
    670000,
    680000,
    690000,
    700000,
    710000,
    720000,
    730000,
    740000,
    750000,
    760000,
    770000,
    780000,
    790000,
    800000,
    810000,
    820000,
    830000,
    840000,
    850000,
    860000,
    870000,
    880000,
    890000,
    900000,
    910000,
    920000,
    930000,
    940000,
    950000,
    960000,
    970000,
    980000,
    990000,
    1000000
  ],