{
  "configs": [
    56,
    45,
    45,
    56,
    56,
    20,
    45,
    45,
    56,
    56,
    56,
    20,
    56,
    56,
    20,
    45,
    56,
    45,
    55,
    20,
    13,
    55,
    56,
    47,
    56,
    45,
    56,
    55,
    13,
    55,
    23,
    45,
    55,
    51,
    56,
    55,
    13,
    49,
    51,
    47,
    55,
    23,
    55,
    51,
    23,
    20,
    56,
    49,
    45,
    49
  ],
  "rewards": [
    33.194207520282475,
    102.45487873745282,
    102.45487873745282,
    8.872634747570237,
    8.872634747570237,
    159.16624024408304,
    97.84927531755488,
    97.84927531755488,
    22.740530255222485,
    22.740530255222485,
    22.740530255222485,
    96.32989361191669,
    23.509214104537914,
    23.509214104537914,
    110.61966837477443,
    194.53455715224933,
    75.76513670082322,
    75.76513670082322,
    10.474611172268308,
    42.89461788728809,
    15.316908812813821,
    12.880032444821778,
    24.450088228292458,
    144.62028804292368,
    144.62028804292368,
    186.5558164546891,
    74.44695893729897,
    28.846972784301883,
    36.94374388402064,
    36.94374388402064,
    149.483678051143,
    135.78480563490413,
    71.03962732592264,
    94.50952602924902,
    98.4616943499761,
    22.823101127992356,
    13.456683133566345,
    153.4729171222733,
    62.984301920717826,
    107.43191746493464,
    12.882550744782426,
    142.40963648118438,
    142.40963648118438,
    50.24745713819164,
    163.689482600246,
    122.468328424488,
    41.602101603959966,
    100.05665437179327,
    189.17426862575522,
    189.17426862575522
  ],
  "crash_rates": [
    100.0,
    100.0,
    100.0,
    100.0,
    100.0,
    100.0,
    100.0,
    100.0,
    100.0,
    100.0,
    100.0,
    100.0,
    100.0,
    100.0,
    100.0,
    100.0,
    100.0,
    100.0,
    100.0,
    100.0,
    100.0,
    100.0,
    100.0,
    100.0,
    100.0,
    100.0,
    100.0,
    100.0,
    100.0,
    100.0,
    100.0,
    100.0,
    100.0,
    100.0,
    100.0,
    100.0,
    100.0,
    100.0,
    100.0,
    100.0,
    100.0,
    100.0,
    100.0,
    100.0,
    100.0,
    100.0,
    100.0,
    100.0,
    100.0,
    100.0
  ],
  "ep_lengths": [
    36.666666666666664,
    72.66666666666667,
    72.66666666666667,
    51.88888888888889,
    51.88888888888889,
    80.0,
    84.4,
    84.4,
    74.61111111111111,
    74.61111111111111,
    74.61111111111111,
    78.0,
    71.375,
    71.375,
    75.92592592592592,
    88.13333333333334,
    92.46666666666667,
    92.46666666666667,
    82.8,
    86.23333333333333,
    71.63333333333333,
    62.9,
    62.96666666666666,
    67.86666666666667,
    67.86666666666667,
    85.1,
    81.93333333333334,
    65.23333333333333,
    61.26666666666667,
    61.26666666666667,
    75.23333333333333,
    84.96666666666667,
    90.43333333333334,
    98.70000000000002,
    106.4,
    94.16666666666666,
    76.03333333333333,
    83.96666666666667,
    87.56666666666666,
    94.76666666666667,
    81.03333333333333,
    81.3,
    81.3,
    79.39999999999999,
    86.3,
    88.4,
    90.33333333333334,
    98.96666666666667,
    102.1,
    102.1
  ],
  "timesteps": [
    10000,
    20000,
    30000,
    40000,
    50000,
    60000,
    70000,
    80000,
    90000,
    100000,
    110000,
    120000,
    130000,
    140000,
    150000,
    160000,
    170000,
    180000,
    190000,
    200000,
    210000,
    220000,
    230000,
    240000,
    250000,
    260000,
    270000,
    280000,
    290000,
    300000,
    310000,
    320000,
    330000,
    340000,
    350000,
    360000,
    370000,
    380000,
    390000,
    400000,
    410000,
    420000,
    430000,
    440000,
    450000,
    460000,
    470000,
    480000,
    490000,
    500000
  ],
  "fps": [
    201.13691770929302,
    216.83275289830164,
    227.35511185187266,
    221.42461600397266,
    218.4555980572561,
    220.37236402171007,
    222.4991466322437,
    225.87991083378148,
    222.9525473542265,
    221.43271210874173,
    220.26659574591292,
    221.85227111503116,
    220.22924395405758,
    219.23643251895004,
    220.43706950651597,
    220.68456443608684,
    219.1329801865252,
    220.77411370530285,
    221.98388496174732,
    223.13560071755487,
    217.00141875795123,
    218.12297721937708,
    217.38607140644373,
    213.58097458801734,
    213.19170431180626,
    213.5461297445251,
    212.7679597822519,
    213.7436697178489,
    209.62193701230836,
    210.71887977749236,
    206.14347001037694,
    206.82472465645344,
    207.62622676172583,
    207.15852788088236,
    206.6141808000596,
    207.53610557761812,
    204.6892002709747,
    199.26081262019972,
    199.18135372381562,
    197.72806561076774,
    198.69574237591547,
    195.9247247976727,
    196.90010148926018,
    196.8331601512348,
    194.20935598906067,
    194.93301779414494,
    194.85822263494055,
    191.27307640889921,
    191.7745927712841,
    188.72679377020606
  ]
}